Date,0:00,1:00,2:00,3:00,4:00,5:00,6:00,7:00,8:00,9:00,10:00,11:00,12:00,13:00,14:00,15:00,16:00,17:00,18:00,19:00,20:00,21:00,22:00,23:00
1/1/2023,1,335,344,338,344,342,345,349,354,347,355,357,356,357,362,360,361,366,364,362,337,327,326,327
2/1/2023,340,342,338,89,74,78,84,81,87,91,103,100,107,107,132,131,138,148,182,184,159,153,159,162
3/1/2023,75,340,334,341,342,340,306,102,99,106,137,148,151,166,234,221,235,227,295,281,285,281,262,268
4/1/2023,349,350,356,356,355,355,288,94,128,144,221,241,273,287,397,394,437,433,527,547,519,525,565,569
5/1/2023,546,532,543,545,542,548,471,228,143,171,217,170,165,181,262,279,298,294,386,405,419,412,426,443
6/1/2023,562,549,552,548,551,553,486,389,219,180,206,182,438,439,535,538,569,567,664,674,567,393,409,437
7/1/2023,537,522,532,1,539,539,455,380,391,395,278,123,123,135,147,147,152,177,195,190,162,160,169,171
8/1/2023,543,259,254,258,255,255,175,96,96,102,110,108,111,108,122,122,134,160,163,154,132,119,127,133
9/1/2023,264,476,545,551,555,562,495,414,454,469,543,576,606,615,705,723,752,761,863,867,808,768,643,535
10/1/2023,573,563,563,568,558,568,353,129,162,190,252,281,303,321,397,333,351,348,434,453,429,435,459,475
11/1/2023,583,562,570,568,567,571,365,133,169,193,260,285,309,320,426,443,458,480,572,576,568,586,613,630
12/1/2023,569,568,569,571,555,557,342,116,158,182,263,319,336,358,464,457,494,477,570,592,571,573,601,642
13/01/2023,575,564,555,563,561,563,356,122,163,178,250,286,327,319,358,421,461,474,553,550,548,565,584,611
14/01/2023,548,541,546,544,543,554,559,564,582,584,590,589,597,606,619,625,630,653,680,686,669,660,465,360
15/01/2023,562,555,556,561,556,556,565,567,578,571,573,572,574,582,583,587,600,623,630,621,588,593,593,600
16/01/2023,274,275,304,303,277,283,310,304,367,388,430,396,379,397,474,519,543,560,641,653,652,666,713,716
17/01/2023,443,423,427,428,428,433,423,215,206,224,232,195,216,221,311,321,359,375,577,768,777,765,600,560
18/01/2023,437,432,434,436,436,429,323,166,206,230,296,327,349,358,450,473,484,514,569,521,502,501,535,562
19/01/2023,442,439,433,436,428,435,343,186,215,237,257,222,245,262,342,676,864,848,949,948,954,975,1000,1003
20/01/2023,447,612,621,619,621,624,399,184,217,239,256,198,214,231,319,333,346,376,468,462,474,492,523,527
21/01/2023,572,558,561,561,557,561,573,572,584,588,612,611,612,469,348,350,368,385,409,388,373,384,385,388
22/01/2023,563,270,271,275,266,271,183,102,107,110,115,118,112,115,119,128,139,162,168,160,127,130,133,142
23/01/2023,274,283,277,277,273,276,203,279,360,368,407,374,370,381,493,515,547,590,681,680,710,715,751,769
24/01/2023,590,583,582,578,575,580,477,423,447,476,497,446,469,495,589,610,643,673,776,785,812,829,866,904
25/01/2023,610,593,587,586,585,581,357,148,187,210,275,298,338,344,447,457,496,514,618,637,643,659,700,700
26/01/2023,602,584,592,593,579,586,445,162,194,210,224,202,230,246,330,354,395,392,495,508,528,543,578,606
27/01/2023,588,573,571,579,581,575,386,132,164,183,209,157,188,192,288,310,354,381,489,483,497,520,567,571
28/01/2023,580,564,569,568,569,568,488,402,404,412,427,422,432,431,308,184,197,203,201,193,188,213,226,237
29/01/2023,571,552,555,562,560,560,470,394,389,395,407,397,410,408,427,421,441,467,451,429,417,429,430,433
30/01/2023,561,272,274,275,276,286,197,132,165,190,219,199,309,345,450,467,507,543,616,660,667,699,730,741
31/01/2023,580,572,570,581,571,581,350,132,170,193,244,277,320,350,445,456,493,526,596,619,649,675,723,997
1/2/2023,591,589,586,581,567,570,492,420,465,479,552,574,594,377,742,767,784,801,854,856,805,821,853,864
2/2/2023,588,583,576,581,567,572,500,407,438,456,497,567,636,655,753,724,712,701,753,778,780,801,854,878
3/2/2023,405,395,391,395,396,385,410,405,440,466,528,517,510,454,563,577,626,634,705,732,748,774,796,802
4/2/2023,385,371,377,379,378,372,386,389,392,395,405,409,411,422,306,170,178,195,207,214,202,214,219,218
5/2/2023,394,384,390,401,427,428,430,431,431,435,438,438,443,444,461,455,469,464,461,460,457,463,467,474
6/2/2023,429,157,145,146,151,151,163,168,165,176,190,183,173,170,210,223,212,211,207,205,205,220,369,498
7/2/2023,573,565,563,555,559,558,328,300,329,355,384,364,355,374,491,517,550,532,643,671,690,721,775,853
8/2/2023,601,408,407,411,410,411,283,151,180,202,274,297,333,356,458,488,518,515,573,555,513,538,581,587
9/2/2023,427,408,417,416,411,406,379,167,186,220,275,320,364,388,495,520,533,518,619,650,650,674,726,746
10/2/2023,421,401,401,406,409,407,311,143,177,206,223,207,195,211,302,306,362,361,452,484,495,536,547,562
11/2/2023,404,393,393,394,394,389,400,403,403,418,273,138,153,161,187,185,205,210,227,220,225,241,247,249
12/2/2023,392,385,385,388,387,399,398,397,398,406,278,127,132,128,147,152,161,161,167,167,156,158,168,159
13/02/2023,568,387,396,390,390,337,153,151,183,205,274,309,369,373,461,486,498,516,626,676,695,717,748,748
14/02/2023,413,403,399,402,389,392,271,133,163,181,216,219,196,216,321,340,358,364,489,509,535,573,582,603
15/02/2023,426,396,401,410,392,396,284,137,178,204,263,285,323,347,444,463,472,487,575,564,517,546,578,595
16/02/2023,422,408,405,410,403,415,274,143,182,214,215,175,219,245,335,348,353,342,459,487,501,522,579,593
17/02/2023,416,400,393,402,396,398,411,406,462,489,546,573,597,552,578,579,604,623,723,772,764,781,820,821
18/02/2023,401,393,385,397,385,386,395,394,412,415,271,144,155,165,193,194,169,185,225,220,220,215,235,239
19/02/2023,563,567,560,571,565,499,421,518,439,484,496,571,594,582,594,606,602,610,616,608,612,613,604,613
20/02/2023,564,578,572,583,567,346,165,154,198,229,297,322,363,375,463,495,492,494,537,511,509,529,565,577
21/02/2023,581,582,578,588,577,397,282,144,171,205,207,159,199,207,329,329,347,386,467,489,488,511,552,700
22/02/2023,611,589,585,598,584,422,289,159,211,225,280,301,338,351,458,448,463,484,548,509,506,515,554,575
23/02/2023,620,607,610,616,608,434,311,163,199,226,251,201,249,264,381,373,409,397,487,521,529,551,591,598
24/02/2023,609,589,593,597,597,417,306,158,203,235,239,198,202,214,314,314,346,351,445,456,591,678,702,706
25/02/2023,617,606,603,591,580,412,422,426,432,434,439,439,456,460,493,456,473,485,517,501,507,516,543,550
26/02/2023,580,581,570,583,579,397,413,407,411,415,422,414,420,420,436,404,417,434,449,442,439,438,444,457
27/02/2023,576,573,571,575,571,341,166,349,230,288,539,508,640,667,763,779,775,781,892,793,659,717,1030,1048
28/02/2023,613,596,600,606,596,417,293,156,204,223,289,318,362,375,479,479,491,514,637,681,711,736,769,746
1/3/2023,607,607,602,606,592,423,290,168,201,227,292,312,360,378,482,467,611,803,903,918,972,1014,1003,976
2/3/2023,606,597,592,596,588,416,283,149,193,212,224,238,235,266,338,352,351,358,476,511,535,561,586,606
3/3/2023,603,587,586,591,589,421,300,185,226,251,257,249,231,254,354,351,375,407,492,528,556,569,611,605
4/3/2023,581,580,573,580,576,574,479,405,418,431,432,435,440,448,468,439,453,467,494,497,503,516,532,532
5/3/2023,581,580,577,573,569,578,582,583,588,593,499,421,423,427,412,404,414,424,439,443,448,454,451,449
6/3/2023,395,409,410,412,406,413,430,450,488,515,546,523,508,505,578,625,642,664,773,805,811,846,883,920
7/3/2023,441,435,424,426,430,447,478,473,510,533,534,535,518,514,574,593,624,655,760,781,808,857,885,905
8/3/2023,438,423,422,420,418,416,443,443,478,501,549,571,615,614,698,716,750,792,843,821,785,814,856,874
9/3/2023,440,414,406,409,407,407,432,436,458,486,499,495,471,486,570,589,633,651,741,774,803,827,855,891
10/3/2023,444,439,441,447,442,444,471,471,499,525,526,504,486,495,588,581,622,655,737,778,782,810,830,824
11/3/2023,444,608,614,615,603,595,507,429,437,446,454,452,460,427,467,463,469,481,502,503,506,514,525,538
12/3/2023,564,556,558,559,563,560,570,571,574,570,490,411,396,371,389,392,398,414,426,422,420,425,432,433
13/03/2023,558,555,556,561,560,389,409,418,455,477,502,479,448,443,527,550,600,608,680,693,712,754,773,774
14/03/2023,581,563,562,573,569,419,440,434,475,504,513,492,1,172,538,556,586,621,698,733,741,762,791,814
15/03/2023,447,447,437,435,435,438,450,454,502,525,569,581,604,594,689,717,737,775,848,872,895,903,883,851
16/03/2023,593,586,581,582,576,576,598,597,632,658,671,654,631,647,727,727,771,767,863,878,874,911,943,937
17/03/2023,407,391,384,394,391,390,392,396,405,408,419,418,389,389,437,434,439,455,491,490,484,488,493,489
18/03/2023,394,545,544,550,553,547,551,559,573,572,586,573,560,559,579,582,581,587,619,632,624,622,628,626
19/03/2023,553,493,547,557,552,551,557,566,562,569,573,545,539,532,550,556,553,569,582,584,575,579,588,581
20/03/2023,554,568,559,571,562,495,338,337,382,397,422,406,383,478,725,746,773,801,795,637,634,659,683,693
21/03/2023,423,411,418,416,404,410,287,169,196,221,287,276,306,329,421,425,450,497,562,581,588,611,649,654
22/03/2023,420,575,569,580,573,408,289,175,200,231,281,270,309,323,436,450,471,497,525,498,439,459,573,671
23/03/2023,590,569,579,583,583,415,266,170,200,231,275,310,347,379,450,419,377,404,479,480,495,527,555,569
24/03/2023,591,567,561,567,560,407,258,159,181,208,275,262,294,286,382,415,379,336,386,404,440,442,474,490
25/03/2023,565,553,559,557,555,560,571,570,578,590,460,396,390,404,435,431,444,448,490,494,494,499,517,530
26/03/2023,549,558,543,552,547,564,479,402,407,408,410,392,401,415,416,418,421,423,440,426,431,443,451,448
27/03/2023,550,569,587,591,359,252,268,251,230,250,281,309,362,367,475,531,686,826,795,878,895,923,937,940
28/03/2023,573,564,572,556,400,473,499,473,454,477,580,604,603,648,736,754,774,796,852,873,881,915,966,964
29/03/2023,560,568,562,554,390,472,532,543,584,605,704,698,733,758,868,863,805,874,864,865,899,930,969,1035
30/03/2023,569,568,564,565,559,634,669,634,625,635,716,753,777,783,890,927,913,898,947,947,907,954,984,929
31/03/2023,547,543,544,546,390,187,229,194,173,182,266,292,572,590,688,713,727,599,552,801,806,851,867,883
1/4/2023,554,545,546,546,544,405,411,413,415,420,423,413,429,445,471,471,482,488,492,499,504,504,517,515
2/4/2023,537,539,544,541,548,557,454,391,393,401,387,381,388,402,414,423,415,424,420,427,433,436,433,430
3/4/2023,556,547,559,549,488,401,425,397,378,368,460,484,504,532,512,531,584,606,657,656,675,708,720,744
4/4/2023,560,558,562,557,554,645,661,625,624,607,584,469,396,368,518,529,549,561,604,624,659,699,713,709
5/4/2023,562,560,561,556,553,651,706,726,796,810,692,483,507,538,603,557,541,562,580,603,618,657,681,676
6/4/2023,567,561,567,555,616,694,717,687,660,791,800,747,779,794,895,922,942,964,997,1007,1036,1054,1076,1029
7/4/2023,560,556,553,558,554,597,610,623,602,590,546,476,475,483,518,515,517,558,598,595,596,599,589,590
8/4/2023,552,549,548,556,548,393,398,397,385,381,398,396,406,423,432,436,432,434,431,430,437,439,440,441
9/4/2023,544,538,544,543,540,559,444,394,402,360,369,368,382,406,405,404,417,402,415,423,414,414,423,415
10/4/2023,541,534,539,536,546,571,575,584,553,556,597,594,601,620,541,474,492,480,493,495,490,493,500,494
11/4/2023,557,550,556,546,547,471,529,536,546,560,630,578,595,627,730,752,762,799,824,843,870,1057,1118,1123
12/4/2023,560,558,566,557,607,685,748,763,767,795,804,740,785,831,883,865,832,848,884,901,926,957,976,974
13/04/2023,572,566,563,561,569,647,664,611,582,606,597,560,587,624,730,771,815,836,865,890,907,913,953,965
14/04/2023,558,554,556,557,570,634,662,612,575,595,682,678,715,738,815,855,860,887,919,947,955,1060,1086,1091
15/04/2023,551,545,548,545,549,566,570,545,549,559,480,414,422,433,462,469,473,481,496,496,499,498,573,611
16/04/2023,532,540,537,530,537,544,548,538,514,515,538,539,547,576,571,573,578,577,583,593,593,588,626,645
17/04/2023,546,548,551,538,563,653,670,623,597,617,715,683,596,106,743,773,778,798,838,876,880,890,906,913
18/04/2023,555,563,560,552,558,635,649,592,572,597,608,558,576,615,706,755,781,819,865,871,899,927,964,951
19/04/2023,560,560,562,557,612,695,744,749,765,786,824,733,773,805,846,836,803,834,867,882,904,947,973,973
20/04/2023,562,559,561,555,611,697,684,651,617,641,641,598,635,655,758,771,583,528,588,589,592,605,630,644
21/04/2023,553,551,553,561,563,634,681,623,586,584,582,544,579,590,479,398,461,488,529,536,534,565,589,588
22/04/2023,539,540,588,583,593,615,619,585,589,596,531,463,479,493,529,526,527,537,554,561,561,566,572,569
23/04/2023,536,532,538,584,579,596,589,564,568,567,585,578,584,603,620,628,626,631,632,635,640,643,642,650
24/04/2023,532,543,545,541,558,361,376,345,336,341,418,428,333,321,443,465,493,487,522,522,541,576,590,588
25/04/2023,555,556,558,555,560,615,614,621,597,629,597,550,574,604,719,553,508,515,561,569,597,624,648,884
26/04/2023,558,560,558,556,564,674,712,721,765,780,641,470,482,500,560,563,512,521,539,569,592,618,637,644
27/04/2023,557,552,560,545,554,634,627,579,559,588,432,264,301,321,458,500,521,544,574,550,568,621,646,650
28/04/2023,543,545,546,550,550,613,622,584,564,571,550,400,433,466,608,633,642,666,691,711,718,673,609,630
29/04/2023,528,535,531,539,532,527,524,526,536,546,465,407,421,434,452,450,462,469,484,489,487,489,493,500
30/04/2023,534,533,531,532,580,571,560,554,556,560,479,411,428,405,400,398,402,409,411,411,417,418,426,421
1/5/2023,543,542,546,541,545,542,556,552,559,565,522,451,452,478,500,500,506,512,527,532,523,519,535,535
2/5/2023,545,546,545,538,545,615,659,678,706,725,565,411,435,434,507,533,553,578,615,607,623,648,668,631
3/5/2023,551,554,553,554,552,607,655,679,708,757,728,592,629,665,709,681,646,650,691,703,729,749,770,762
4/5/2023,560,561,555,561,558,614,629,590,563,590,439,270,299,319,440,468,478,495,536,550,555,592,600,592
5/5/2023,545,549,545,545,551,595,622,589,561,582,408,236,263,280,403,430,459,477,508,515,520,544,567,565
6/5/2023,558,538,543,541,537,529,536,525,538,542,578,575,588,604,663,671,680,687,704,710,724,724,722,727
7/5/2023,539,533,544,542,581,558,565,565,566,570,590,583,594,621,624,628,626,636,646,654,651,658,660,674
8/5/2023,598,585,590,541,553,341,299,237,270,282,360,392,403,437,557,591,604,603,599,611,620,643,659,599
9/5/2023,542,548,547,546,544,584,647,658,681,705,719,502,387,421,549,571,614,630,642,677,688,694,732,739
10/5/2023,557,557,558,557,555,595,657,665,693,711,560,404,457,489,564,581,607,617,656,666,677,689,721,723
11/5/2023,551,545,552,545,547,578,647,660,694,708,549,375,399,415,544,573,602,625,676,669,681,700,708,734
12/5/2023,537,542,544,547,546,609,658,671,689,704,599,368,391,407,533,554,589,603,620,635,651,669,699,702
13/05/2023,541,538,541,543,537,570,577,573,578,581,607,611,624,650,678,679,670,678,697,702,640,544,550,552
14/05/2023,531,527,537,528,525,503,505,513,509,515,565,578,582,607,616,617,619,634,539,475,471,478,477,482
15/05/2023,544,549,548,546,559,317,374,399,430,453,542,538,564,496,536,567,606,608,620,642,673,681,680,711
16/05/2023,550,547,550,547,546,594,647,666,703,721,723,502,416,448,558,582,593,618,629,651,668,692,748,725
17/05/2023,551,540,545,541,544,599,651,665,688,715,711,650,686,708,584,494,519,537,578,592,599,603,633,633
18/05/2023,556,553,554,543,547,594,644,664,679,690,632,381,410,433,547,568,646,902,923,934,956,984,981,993
19/05/2023,556,540,551,548,553,602,648,656,686,709,669,398,390,411,508,518,552,562,582,599,612,626,644,653
20/05/2023,545,530,538,539,539,523,533,530,536,547,565,578,633,656,677,678,666,680,689,692,695,689,695,699
21/05/2023,535,530,539,529,529,505,509,511,507,516,568,570,588,622,615,614,613,621,621,623,624,626,626,629
22/05/2023,534,543,534,537,545,597,566,509,536,547,630,635,669,686,813,835,863,880,904,909,913,919,926,921
23/05/2023,550,553,553,549,553,594,624,652,688,697,742,687,723,738,817,820,820,839,877,900,928,939,985,978
24/05/2023,545,539,539,531,541,585,634,643,672,726,660,457,698,655,1006,940,812,1059,1072,1084,1112,1124,1155,1163
25/05/2023,551,545,560,547,587,611,651,655,684,731,789,786,849,865,938,944,988,1026,1043,1037,1062,1082,1094,1080
26/05/2023,548,551,547,540,546,580,632,641,664,674,753,757,789,806,900,916,933,939,971,977,998,1016,1022,1019
27/05/2023,538,534,542,534,528,522,537,528,537,550,552,558,576,602,612,606,610,613,613,623,628,631,647,645
28/05/2023,540,530,540,538,533,513,516,514,521,514,436,354,373,405,406,402,400,405,410,409,407,410,413,411
29/05/2023,545,547,554,544,549,602,649,668,681,684,791,793,842,784,506,474,486,509,532,535,556,570,589,599
30/05/2023,544,546,547,537,537,420,465,478,502,512,595,634,654,665,734,744,780,792,532,535,556,570,589,589
31/05/2023,557,555,561,549,648,699,754,761,781,795,871,884,916,871,958,1003,985,1041,1085,1032,1031,1118,1153,1168
1/6/2023,559,562,558,560,640,697,740,762,786,801,888,902,911,930,1027,1039,1066,1085,1102,1011,909,871,886,931
2/6/2023,566,559,562,564,546,610,651,673,682,693,666,617,640,661,722,738,747,771,799,820,832,839,856,845
3/6/2023,545,539,547,546,528,530,545,538,541,553,569,563,575,585,620,621,614,619,546,464,462,472,483,473
4/6/2023,533,545,544,541,521,514,518,519,526,523,532,534,540,572,580,572,573,573,484,412,414,408,407,412
5/6/2023,546,541,549,541,518,543,558,553,568,567,621,625,628,644,699,699,706,708,613,556,548,548,559,560
6/6/2023,555,549,557,540,521,601,534,477,508,519,613,635,649,648,725,751,770,785,803,814,830,842,882,893
7/6/2023,556,551,561,547,536,614,551,493,521,536,613,634,636,666,741,745,774,813,830,849,872,881,887,880
8/6/2023,558,559,565,554,532,434,485,489,517,539,615,626,656,664,732,759,762,799,834,849,855,885,886,884
9/6/2023,553,552,561,561,542,598,540,489,514,516,595,602,632,639,707,739,758,755,785,818,830,843,869,860
10/6/2023,541,539,548,551,526,542,548,548,553,562,576,587,610,639,657,655,667,669,585,524,532,535,559,573
11/6/2023,549,544,554,550,533,527,536,531,537,537,537,536,550,576,584,570,580,579,484,432,436,438,445,447
12/6/2023,571,567,570,562,557,477,510,512,528,556,623,633,654,671,754,751,778,815,842,857,875,887,900,903
13/06/2023,570,570,573,565,563,546,482,430,518,529,618,628,640,671,749,760,783,820,853,853,872,887,911,921
14/06/2023,574,568,574,560,539,631,578,532,553,568,640,654,669,704,788,779,816,834,864,878,897,904,928,935
15/06/2023,558,561,558,550,524,380,424,447,565,572,619,628,669,678,768,772,808,820,865,888,895,881,916,909
16/06/2023,546,545,548,539,517,609,556,520,551,552,615,631,654,660,747,767,782,817,873,857,879,898,912,942
17/06/2023,559,554,555,549,553,542,548,560,569,562,566,570,588,623,632,620,621,616,551,465,475,486,500,491
18/06/2023,548,551,552,551,550,529,528,542,542,541,552,549,566,606,602,608,613,609,511,463,460,455,470,470
19/06/2023,555,555,560,546,538,463,502,514,545,547,623,665,670,693,771,801,823,827,876,812,632,613,663,672
20/06/2023,553,556,553,538,535,583,545,505,536,535,619,654,671,689,766,789,806,819,888,880,909,906,948,964
21/06/2023,559,554,562,555,532,611,549,512,670,574,620,630,659,683,745,777,791,791,837,846,873,894,899,902
22/06/2023,574,567,573,569,539,454,491,503,537,549,610,651,683,712,783,791,803,822,862,863,880,889,939,966
23/06/2023,564,547,556,553,556,612,565,511,532,552,625,631,659,675,760,790,804,810,882,1007,1033,1054,1105,1094
24/06/2023,556,554,561,554,531,554,566,561,571,583,596,601,630,665,681,666,670,667,688,684,696,703,698,688
25/06/2023,549,556,545,553,549,530,533,536,537,543,544,548,570,611,611,601,602,599,599,608,615,622,619,613
26/06/2023,396,399,403,549,530,627,655,673,703,717,799,797,814,828,823,767,786,793,848,869,880,884,909,903
27/06/2023,558,550,554,552,520,602,643,664,675,683,778,781,798,812,909,926,938,971,1021,1021,1040,1074,1100,1126
28/06/2023,572,569,573,567,562,619,620,520,548,564,627,650,655,679,759,788,805,830,872,881,894,902,915,903
29/06/2023,563,555,558,559,535,438,479,485,518,532,614,628,661,664,730,753,798,810,847,847,856,889,927,945
30/06/2023,556,546,551,553,553,616,658,660,687,699,769,780,806,809,881,890,922,934,974,988,1002,1008,1027,1017
1/7/2023,555,556,549,549,529,529,537,552,555,557,573,565,586,621,629,639,635,638,660,649,651,659,671,652
2/7/2023,596,588,592,544,518,519,524,532,524,527,540,536,561,592,602,618,621,626,627,636,634,644,643,641
3/7/2023,543,539,543,581,588,502,546,549,576,728,806,824,837,881,952,957,988,1009,997,764,733,750,749,757
4/7/2023,550,547,547,541,529,598,629,651,663,677,743,760,789,822,904,909,933,947,993,1011,1032,1042,1068,1070
5/7/2023,539,536,542,523,528,515,498,421,447,462,508,517,618,650,716,735,800,826,863,876,911,932,946,959
6/7/2023,570,563,560,557,554,595,637,648,664,673,754,778,813,818,888,923,942,963,1042,1062,950,919,923,942
7/7/2023,556,554,560,556,553,618,659,671,696,710,795,800,814,825,902,920,936,964,1024,1024,1020,1028,1028,1054
8/7/2023,548,553,559,551,541,545,553,554,577,603,606,601,602,605,642,640,643,655,672,659,666,668,681,670
9/7/2023,552,556,559,553,547,528,537,533,530,542,561,559,572,586,597,596,586,597,611,615,613,613,623,616
10/7/2023,560,565,559,555,561,472,511,528,561,564,638,643,664,683,749,787,787,812,848,857,860,892,906,915
11/7/2023,569,565,577,556,562,608,642,661,695,682,749,756,793,813,898,906,931,943,995,1004,1015,1036,1080,1090
12/7/2023,560,562,563,551,583,645,695,707,729,740,819,825,852,881,928,936,972,1007,1043,1050,1084,1077,1091,1116
13/07/2023,558,555,559,550,556,602,653,665,698,697,849,862,872,912,995,1002,1013,1033,1093,1111,1111,1129,1140,1175
14/07/2023,556,551,550,556,551,622,645,661,695,698,760,771,794,809,880,896,914,924,986,989,992,1014,1020,1035
15/07/2023,551,551,555,548,551,579,586,586,595,597,604,603,625,662,672,673,672,668,684,678,682,679,680,696
16/07/2023,544,546,541,543,542,547,560,557,565,575,581,579,596,633,628,618,622,624,630,630,637,640,635,633
17/07/2023,550,563,555,548,552,650,698,704,731,734,809,816,829,852,924,943,968,991,1027,1045,1055,1065,1093,1085
18/07/2023,556,558,573,548,562,597,640,643,677,685,738,764,806,812,904,905,919,937,996,1002,1010,1027,1059,1080
19/07/2023,554,553,560,552,553,581,634,658,685,681,749,777,840,842,923,942,991,992,1026,1041,1055,1062,1076,1086
20/07/2023,560,555,561,549,606,628,679,702,735,735,815,831,854,868,936,966,995,1008,1055,1046,1033,1027,1050,1053
21/07/2023,545,541,551,556,548,601,638,657,686,691,755,763,796,813,890,913,915,922,958,969,992,986,1025,1026
22/07/2023,586,536,536,542,540,533,549,544,562,581,628,628,649,660,681,683,683,682,692,689,698,698,662,647
23/07/2023,591,593,541,545,543,520,531,530,532,539,549,547,565,607,625,650,643,644,639,649,647,651,664,660
24/07/2023,604,600,615,559,557,645,694,715,779,787,848,859,887,896,961,965,992,1010,1076,1049,1055,1055,1065,1055
25/07/2023,543,550,554,548,554,584,653,666,700,708,764,775,793,823,919,942,942,963,1012,1010,1041,1035,1084,1082
26/07/2023,553,557,571,564,558,610,663,665,684,696,757,782,805,833,919,934,974,996,1027,1024,1051,1052,1058,1066
27/07/2023,566,568,590,568,575,625,668,675,712,716,776,786,837,852,913,929,958,992,1036,1029,1040,1039,1062,1080
28/07/2023,566,560,581,581,578,613,648,680,711,718,780,786,818,817,914,911,958,971,1001,1006,990,1026,1041,1041
29/07/2023,551,547,551,544,549,537,555,555,556,574,590,587,609,629,647,649,673,695,693,701,704,705,701,718
30/07/2023,535,539,601,583,588,515,522,527,531,531,538,540,555,593,595,590,588,596,595,596,602,599,599,592
31/07/2023,545,547,568,599,610,656,699,714,764,766,828,843,878,892,970,980,1004,1012,1079,1061,1089,1095,1100,1117
1/8/2023,612,601,565,554,561,642,698,709,738,744,815,823,860,884,930,952,985,1001,1044,1051,1071,1091,1131,1112
2/8/2023,570,562,574,561,569,637,677,689,709,719,793,805,825,848,932,963,977,988,1023,1038,1031,1042,1065,1064
3/8/2023,559,560,573,557,567,592,649,677,700,704,775,777,794,805,884,922,940,949,982,1014,1006,1017,1048,1038
4/8/2023,533,535,539,545,540,590,633,652,673,671,751,760,790,802,891,861,918,920,942,945,974,975,978,987
5/8/2023,527,524,531,529,527,551,536,532,544,548,556,566,578,595,606,618,613,621,634,629,628,622,628,627
6/8/2023,526,525,526,532,533,504,511,512,520,513,522,518,536,564,570,579,565,570,577,570,577,590,584,586
7/8/2023,533,538,554,545,548,554,556,565,565,571,600,600,602,606,652,653,654,659,677,666,677,686,686,681
8/8/2023,533,535,545,540,544,587,639,652,697,718,789,790,814,846,926,945,959,965,1010,1009,1004,1008,1032,1036
9/8/2023,552,549,564,566,559,615,667,669,705,715,777,803,805,834,903,898,942,952,993,1006,1022,1016,1053,1068
10/8/2023,567,567,582,577,573,609,667,683,710,714,787,789,818,830,915,917,954,974,1021,1015,1032,1033,1057,1057
11/8/2023,566,553,584,569,567,609,661,679,705,709,767,773,793,813,904,932,966,951,989,982,1009,1006,1010,1016
12/8/2023,537,541,544,542,534,564,544,547,544,552,554,564,595,607,631,628,631,616,652,643,658,645,652,653
13/08/2023,534,531,539,536,539,521,524,519,526,526,523,530,555,587,582,580,580,582,582,588,590,582,601,601
14/08/2023,539,533,551,540,533,632,659,658,688,694,749,778,795,811,893,927,934,940,985,995,983,1009,1003,1018
15/08/2023,564,553,570,560,565,629,653,668,702,710,770,786,803,807,880,893,927,943,974,986,1004,1005,1049,1062
16/08/2023,558,556,573,553,560,619,644,662,692,697,753,784,789,803,883,907,925,945,978,963,995,1016,1008,1010
17/08/2023,565,550,572,561,568,612,643,667,697,699,749,761,788,798,872,907,917,943,993,993,1025,1012,1028,1048
18/08/2023,559,552,573,561,563,626,667,685,737,732,775,791,800,798,888,921,953,944,964,981,990,1015,1004,1014
19/08/2023,550,548,547,544,548,576,579,551,548,559,574,573,597,629,629,623,628,620,643,640,647,668,661,674
20/08/2023,543,533,544,535,537,543,534,532,540,533,541,543,567,596,589,599,586,585,603,607,609,606,613,614
21/08/2023,548,552,572,559,563,625,668,693,732,736,807,806,819,836,926,936,965,978,1040,1031,1023,1017,1037,1060
22/08/2023,555,558,575,567,564,632,665,686,705,740,795,799,803,815,912,924,951,972,1015,1001,1028,1060,1084,1110
23/08/2023,550,549,573,559,567,639,698,688,718,725,790,798,823,818,905,923,945,968,1019,1008,1008,1006,1030,1045
24/08/2023,557,552,575,563,562,615,667,681,707,712,774,788,802,820,898,906,937,960,983,1004,996,1002,1023,1036
25/08/2023,546,551,561,563,561,624,663,662,674,685,758,779,810,817,900,939,939,927,981,975,999,1007,1007,1019
26/08/2023,538,536,544,539,533,560,575,561,558,558,578,568,605,619,638,644,648,654,667,656,665,679,678,673
27/08/2023,537,528,541,541,536,544,557,549,539,544,546,547,552,580,571,576,578,579,603,607,594,597,608,608
28/08/2023,533,536,557,543,542,610,667,658,686,704,771,783,802,802,879,892,927,927,959,956,981,1005,995,992
29/08/2023,542,540,556,541,546,610,656,662,679,689,768,782,785,799,881,892,910,925,950,948,970,988,1026,1016
30/08/2023,547,534,560,537,551,612,667,662,682,689,748,789,787,810,874,891,917,931,963,969,999,1003,1022,1021
31/08/2023,551,545,553,551,553,625,666,692,698,693,769,795,807,833,912,917,951,979,995,994,1004,1020,1025,1049
1/9/2023,545,538,556,547,551,623,664,681,686,686,750,759,791,807,890,912,923,945,976,980,979,993,1002,1000
2/9/2023,525,524,531,527,531,543,555,565,558,544,550,555,588,610,633,628,634,639,654,641,646,648,660,655
3/9/2023,530,522,524,522,528,528,535,543,514,509,513,514,534,567,570,565,577,573,580,569,573,575,576,577
4/9/2023,534,537,550,549,544,634,673,682,680,692,773,809,820,853,851,759,762,768,828,828,980,973,830,826
5/9/2023,555,553,571,556,560,632,753,793,799,798,876,896,910,944,1016,1026,976,970,1014,1043,1055,1058,1097,1137
6/9/2023,560,557,576,563,567,635,686,698,705,710,787,811,820,857,932,883,690,691,751,756,771,784,818,833
7/9/2023,578,579,603,581,579,630,687,709,738,719,787,815,842,883,965,971,989,1022,1075,1076,1074,1090,1125,1119
8/9/2023,568,572,586,584,588,667,710,725,741,731,793,814,842,877,957,980,997,1029,1094,1065,1072,1074,1104,1097
9/9/2023,572,564,586,572,576,592,606,601,610,583,594,609,628,657,696,687,681,619,438,415,417,440,447,447
10/9/2023,567,562,566,558,558,571,582,582,586,562,551,558,581,612,475,319,318,319,322,329,337,337,332,346
11/9/2023,556,568,576,562,560,660,700,725,754,750,778,594,593,642,689,716,750,764,840,822,849,865,897,896
12/9/2023,559,554,568,557,555,628,681,706,732,733,649,533,558,583,641,670,710,746,779,785,804,829,874,889
13/09/2023,552,561,566,559,554,632,689,708,725,717,820,853,855,885,941,976,1008,1029,1071,1068,1096,1125,1151,1170
14/09/2023,574,568,580,565,577,625,688,724,758,754,675,552,578,588,670,698,742,759,804,802,831,852,884,899
15/09/2023,561,549,563,558,559,631,676,708,746,753,673,546,573,592,662,699,737,753,796,806,814,828,856,848
16/09/2023,548,541,544,543,536,559,578,581,589,599,624,618,623,634,665,655,654,664,691,681,550,403,421,407
17/09/2023,537,541,549,543,546,551,560,561,568,565,570,542,557,591,588,572,390,307,317,318,325,329,339,334
18/09/2023,559,562,570,569,567,649,701,725,756,762,641,614,644,651,718,743,767,810,854,851,886,892,875,869
19/09/2023,552,555,565,555,561,637,694,710,760,780,716,566,585,603,669,719,755,778,823,828,859,873,875,825
20/09/2023,571,571,590,580,580,645,698,720,758,772,686,555,599,618,644,705,722,754,795,808,831,847,876,886
21/09/2023,561,556,570,551,558,622,537,416,458,468,532,537,576,596,645,693,715,765,805,803,828,855,868,874
22/09/2023,551,545,560,556,558,631,679,705,746,761,810,849,872,876,942,980,980,1010,1055,1070,1079,1092,1113,1127
23/09/2023,552,543,553,551,545,567,577,590,599,595,594,588,601,621,664,670,662,670,591,397,401,429,432,432
24/09/2023,550,546,557,546,544,557,569,573,573,569,560,548,568,591,602,585,593,600,625,627,626,632,644,649
25/09/2023,553,429,476,548,561,637,690,718,752,758,817,856,899,910,971,990,1063,1082,1145,1134,1154,1186,1046,946
26/09/2023,574,563,577,565,566,355,412,438,464,486,569,593,602,617,694,722,770,803,841,835,864,897,937,941
27/09/2023,571,569,581,561,569,348,422,437,479,498,576,605,591,613,702,732,823,851,892,898,912,939,979,1021
28/09/2023,588,580,584,574,620,674,613,483,520,516,632,647,656,683,753,788,821,958,1165,1122,967,948,980,980
29/09/2023,614,615,626,618,618,689,684,503,515,530,611,613,641,676,736,773,801,840,858,866,884,894,934,916
30/09/2023,560,553,556,550,581,672,678,674,683,687,725,688,644,640,696,780,780,794,689,528,535,544,542,551
1/10/2023,558,551,557,553,656,657,676,677,679,649,581,552,573,601,593,587,606,609,564,368,337,340,349,353
2/10/2023,569,564,586,564,371,385,428,448,507,591,644,611,626,629,713,787,889,892,947,936,893,895,924,955
3/10/2023,571,565,584,572,665,446,457,448,482,492,591,610,697,701,795,838,884,912,925,958,990,997,936,951
4/10/2023,567,569,583,571,670,481,520,546,524,497,603,642,714,720,786,830,853,812,839,858,872,961,1016,1042
5/10/2023,569,572,588,650,672,745,687,544,590,586,690,718,732,735,812,834,868,893,944,979,985,1004,1017,1032
6/10/2023,556,565,579,573,586,646,559,455,487,496,584,603,615,635,727,733,759,791,842,839,864,891,909,912
7/10/2023,555,554,561,556,559,461,469,480,480,484,515,517,521,537,572,578,579,576,598,590,590,601,613,616
8/10/2023,575,567,552,551,553,436,449,456,517,553,557,489,460,480,473,493,569,486,497,505,507,516,515,514
9/10/2023,545,548,557,546,382,372,476,483,581,594,711,742,733,639,716,740,778,794,843,748,827,891,791,797
10/10/2023,573,576,570,557,571,366,428,452,490,491,610,628,648,649,728,741,790,823,882,885,897,922,949,961
11/10/2023,569,572,581,578,583,666,713,554,488,505,609,642,657,662,727,752,791,818,880,873,897,917,945,975
12/10/2023,289,277,286,274,288,360,365,329,375,389,493,515,522,542,607,640,686,727,752,758,779,793,814,832
13/10/2023,555,551,562,550,567,629,523,315,351,409,471,521,614,624,726,830,842,883,911,929,949,965,978,985
14/10/2023,557,556,549,561,639,659,688,704,719,715,761,762,763,730,777,769,771,774,799,797,798,809,823,822
15/10/2023,545,546,624,627,629,642,645,642,648,652,659,661,656,641,649,652,642,636,640,650,656,662,665,662
16/10/2023,596,597,595,586,286,657,636,627,667,681,788,820,826,829,913,938,975,983,1021,1052,1031,993,861,820
17/10/2023,572,570,585,564,582,169,237,263,319,325,432,465,494,494,562,562,556,537,583,629,741,912,951,954
18/10/2023,565,566,568,575,671,271,337,364,412,434,541,556,551,597,623,598,582,633,674,702,729,679,675,676
19/10/2023,580,575,586,570,683,567,528,302,284,295,394,427,474,497,571,589,606,624,879,974,1007,1034,1055,1052
20/10/2023,569,565,571,574,585,467,358,184,189,203,313,328,360,399,459,461,490,508,665,754,777,806,799,821
21/10/2023,569,565,568,564,652,683,689,694,697,719,762,747,749,779,813,802,806,802,826,817,822,842,848,840
22/10/2023,567,560,566,566,648,655,672,670,670,671,691,678,692,708,690,688,698,703,714,720,726,715,719,728
23/10/2023,553,557,557,554,329,232,259,236,234,242,353,389,415,417,470,512,564,617,637,658,678,703,694,721
24/10/2023,566,583,566,573,520,491,470,457,456,566,586,638,667,725,724,782,801,832,853,876,908,967,963,997
25/10/2023,578,584,578,649,626,635,661,705,712,819,838,880,895,903,887,876,924,931,947,792,710,726,761,765
26/10/2023,577,581,576,575,604,562,307,393,400,523,564,586,619,677,682,708,804,963,972,985,1029,1054,1070,1097
27/10/2023,573,569,578,580,595,676,644,425,382,415,344,376,376,398,462,547,582,620,642,652,666,699,716,731
28/10/2023,559,561,565,556,565,594,596,602,606,638,690,750,765,783,769,778,780,788,787,806,801,806,816,812
29/10/2023,552,561,565,556,565,594,596,602,606,638,674,671,672,666,662,663,680,699,687,697,708,720,719,715
30/10/2023,571,563,570,576,644,677,677,682,691,688,711,723,723,733,728,728,737,778,786,773,775,754,617,623
31/10/2023,566,565,569,561,633,693,693,706,736,755,779,750,761,780,820,724,737,748,837,853,875,900,939,964
1/11/2023,573,578,589,570,636,689,693,717,738,809,829,860,868,898,786,808,845,931,901,887,878,920,931,948
2/11/2023,500,554,572,573,626,692,701,724,747,765,744,741,756,764,664,678,735,837,855,834,884,946,950,982
3/11/2023,513,561,568,568,571,605,612,644,671,578,392,393,407,429,305,331,366,448,470,509,545,577,583,614
4/11/2023,511,561,571,554,624,653,657,664,677,683,690,696,700,733,739,743,738,765,777,775,785,798,806,815
5/11/2023,553,551,552,556,617,639,642,645,651,653,653,655,663,668,648,646,663,663,681,679,689,686,699,700
6/11/2023,378,355,368,366,368,406,441,429,459,505,530,509,515,524,628,635,684,689,777,804,840,677,600,637
7/11/2023,524,561,576,583,577,572,564,355,359,376,413,392,395,402,442,381,383,397,498,525,571,610,645,683
8/11/2023,381,556,557,566,567,654,593,407,431,453,537,556,582,594,612,551,555,573,663,710,744,768,794,801
9/11/2023,403,573,568,582,586,618,642,649,684,690,693,458,433,436,521,387,376,411,488,543,570,610,648,655
10/11/2023,412,572,577,587,585,589,614,618,653,672,678,448,419,413,433,358,356,378,486,580,606,623,661,672
11/11/2023,397,566,560,573,575,388,403,400,417,420,451,468,549,568,620,612,594,606,662,661,670,684,712,714
12/11/2023,561,570,565,564,560,457,472,474,472,469,482,479,491,480,494,499,512,513,479,423,430,431,450,531
13/11/2023,570,383,378,375,381,482,528,536,563,572,596,617,647,651,735,733,728,724,781,713,537,547,582,604
14/11/2023,408,569,579,577,576,575,613,619,643,666,693,717,798,799,877,759,801,872,941,988,1013,1042,1085,1096
15/11/2023,599,580,593,585,594,597,609,397,426,484,464,491,527,553,675,711,586,578,658,688,716,746,793,766
16/11/2023,616,594,588,593,589,595,627,648,751,765,757,588,621,632,635,556,578,580,664,704,733,757,786,795
17/11/2023,599,592,585,588,592,600,528,353,380,401,466,490,523,538,631,655,670,688,760,779,794,807,853,878
18/11/2023,607,591,585,569,581,573,588,588,596,598,614,617,621,622,666,666,681,690,697,739,789,794,824,820
19/11/2023,575,566,574,567,570,572,578,580,574,579,587,590,602,599,608,599,678,643,621,640,714,723,735,737
20/11/2023,579,559,562,566,380,106,139,146,182,201,315,565,620,633,718,645,522,526,576,601,645,649,684,720
21/11/2023,611,590,584,584,585,590,620,622,666,683,735,762,795,816,931,946,978,1050,924,692,732,744,784,802
22/11/2023,591,574,577,578,630,694,703,737,749,828,853,866,878,928,857,857,867,894,961,934,925,1150,1151,1043
23/11/2023,608,583,575,583,586,677,708,710,743,760,779,597,608,612,656,560,545,542,617,716,737,767,819,834
24/11/2023,596,574,578,594,582,592,512,349,382,393,448,448,498,497,608,626,654,645,642,567,581,602,637,658
25/11/2023,606,587,586,704,695,692,704,699,719,713,722,724,739,738,784,785,786,778,790,786,793,797,806,814
26/11/2023,612,602,603,605,600,609,612,612,612,608,621,624,636,630,645,638,650,668,649,641,664,665,663,582
27/11/2023,566,570,596,608,384,436,472,486,510,537,599,623,669,683,781,595,528,547,631,642,643,675,725,728
28/11/2023,610,585,580,591,597,607,495,364,399,407,466,494,532,540,652,671,690,729,695,686,726,771,811,842
29/11/2023,622,600,605,593,602,684,609,433,461,481,555,574,611,631,630,571,585,650,699,724,749,795,816,763
30/11/2023,440,408,416,415,406,412,329,186,211,218,295,311,356,359,457,471,517,540,621,649,667,689,740,764
1/12/2023,600,621,623,621,628,630,645,446,410,418,466,521,557,556,652,671,680,577,618,604,627,652,703,718
2/12/2023,466,444,431,434,423,432,438,445,463,470,480,486,491,483,509,528,540,545,557,550,548,555,581,646
3/12/2023,414,421,431,427,419,432,423,442,448,436,450,446,449,453,466,450,472,482,479,469,483,470,485,498
4/12/2023,397,572,566,578,583,674,705,718,744,763,829,844,893,897,992,986,704,617,709,719,720,741,790,802
5/12/2023,621,603,593,600,595,616,501,355,384,402,477,513,561,553,641,685,705,733,708,615,625,663,710,715
6/12/2023,424,399,408,401,410,433,365,207,248,270,336,342,371,391,508,518,527,571,670,633,674,707,773,941
7/12/2023,426,401,400,408,402,405,396,211,235,253,321,360,385,349,449,490,510,527,621,620,644,628,670,671
8/12/2023,610,576,575,586,579,580,614,610,520,481,520,492,521,528,547,533,577,584,666,689,697,697,727,725
9/12/2023,592,567,574,567,579,662,668,669,681,690,715,716,723,735,769,769,792,808,839,825,814,814,832,833
10/12/2023,584,576,582,580,574,652,662,665,667,662,678,676,686,686,704,703,722,737,749,741,733,734,746,747
11/12/2023,573,573,574,585,387,214,177,168,202,224,281,304,356,363,481,586,615,635,683,687,698,720,757,762
12/12/2023,600,577,569,580,580,588,483,341,369,395,463,493,536,527,619,662,692,691,632,590,611,623,668,691
13/12/2023,597,574,575,582,584,675,664,466,486,499,563,590,625,625,638,566,584,612,692,678,676,695,737,748
14/12/2023,696,661,665,576,582,391,423,481,566,548,545,567,601,673,806,847,880,900,957,957,950,966,1012,1025
15/12/2023,412,567,576,576,579,581,613,623,640,658,722,780,795,812,821,744,770,781,854,851,892,953,978,806
16/12/2023,666,571,651,652,571,647,655,652,670,675,695,695,691,701,742,744,759,778,807,788,774,787,814,808
17/12/2023,609,604,602,599,603,608,613,606,612,616,621,626,630,641,647,642,653,682,701,674,666,671,687,675
18/12/2023,567,570,556,557,368,132,176,175,180,193,271,293,328,334,446,513,529,537,604,597,621,611,654,648
19/12/2023,601,580,576,588,582,589,499,356,392,402,460,485,533,533,629,643,673,710,688,629,629,643,666,661
20/12/2023,636,570,574,608,601,611,643,650,684,697,639,486,538,533,559,494,506,524,612,594,603,617,652,646
21/12/2023,571,550,548,554,556,411,318,172,200,205,258,279,336,324,425,435,468,493,581,565,579,571,599,592
22/12/2023,543,530,534,540,538,545,478,302,333,348,393,433,723,736,830,668,394,403,472,467,456,452,476,474
23/12/2023,528,569,563,568,571,532,531,539,540,547,552,553,555,567,570,592,639,649,664,662,629,617,625,622
24/12/2023,527,515,520,565,520,528,535,535,544,533,543,546,552,558,565,557,581,585,603,602,579,556,562,559
25/12/2023,518,569,567,575,570,576,590,591,597,602,618,610,618,618,654,657,647,648,667,664,647,629,640,634
26/12/2023,569,558,557,563,565,572,584,585,588,599,617,613,615,619,666,659,653,643,658,651,628,626,634,639
27/12/2023,532,563,561,577,562,528,537,542,582,553,562,567,568,571,607,642,674,665,685,664,668,639,651,647
28/12/2023,533,567,558,566,567,570,591,584,591,600,613,615,616,622,667,674,691,701,724,708,680,677,699,692
29/12/2023,568,557,562,567,567,570,588,587,593,597,608,612,606,630,572,476,490,507,535,524,484,481,496,503
30/12/2023,523,560,551,570,559,562,580,577,576,581,586,590,597,601,621,619,646,652,666,659,660,637,620,617
31/12/2023,538,522,521,525,526,542,543,538,541,540,547,549,549,557,564,572,592,609,618,604,581,569,564,574
